,Rank,Institution,Region,Total Score
0,1,Tsinghua University,Beijing,1004.1
1,2,Peking University,Beijing,910.5
2,3,Zhejiang University,Zhejiang,822.9
3,4,Shanghai Jiao Tong University,Shanghai,778.6
4,5,Fudan University,Shanghai,712.4
5,6,Nanjing University,Jiangsu,676.2
6,7,University of Science and Technology of China,Anhui,608.6
7,8,Huazhong University of Science and Technology,Hubei,606.2
8,9,Wuhan University,Hubei,599.1
9,10,Xi'an Jiaotong University,Shaanxi,572.6
10,11,Sun Yat-Sen University,Guangdong,570.0
11,12,Sichuan University,Sichuan,546.9
12,13,Harbin Institute of Technology,Heilongjiang,544.2
13,14,Beihang University,Beijing,543.5
14,15,Southeast University,Jiangsu,532.3
15,16,Beijing Institute of Technology,Beijing,529.3
16,17,Tongji University,Shanghai,527.0
17,18,Renmin University of China,Beijing,526.3
18,19,Beijing Normal University,Beijing,523.4
19,20,Nankai University,Tianjin,490.4
20,21,Tianjin University,Tianjin,480.5
21,22,Shandong University,Shandong,472.8
22,23,Central South University,Hunan,466.1
23,24,Xiamen University,Fujian,463.2
24,25,Northwestern Polytechnical University,Shaanxi,462.0
25,26,South China University of Technology,Guangdong,444.2
26,27,Jilin University,Jilin,439.1
27,28,University of Electronic Science and Technology of China,Sichuan,437.0
28,29,Hunan University,Hunan,435.5
29,30,China Agricultural University,Beijing,432.8
30,31,East China Normal University,Shanghai,428.2
31,32,Dalian University of Technology,Liaoning,417.4
32,33,Southern University of Science and Technology,Guangdong,413.0
33,34,Chongqing University,Chongqing,397.7
34,35,University of Science and Technology Beijing,Beijing,382.8
35,36,Nanjing University of Science and Technology,Jiangsu,381.2
36,37,Nanjing University of Aeronautics and Astronautics,Jiangsu,376.6
37,38,Northeastern University,Liaoning,369.4
38,39,Xidian University,Shaanxi,363.8
39,40,Lanzhou University,Gansu,362.2
40,40,Soochow University (China),Jiangsu,362.2
41,42,Huazhong Agricultural University,Hubei,361.0
42,43,Beijing jiaotong University,Beijing,346.9
43,44,East China University of Science and Technology,Shanghai,346.1
44,45,ShanghaiTech University,Shanghai,343.3
45,46,Zhengzhou University,Henan,336.5
46,47,Central China Normal University,Hubei,334.2
47,48,Shanghai University,Shanghai,333.2
48,49,Harbin Engineering University,Heilongjiang,332.6
49,50,Jinan University,Guangdong,332.4
50,51,Nanjing Agricultural University,Jiangsu,330.7
51,52,China University of Petroleum - Beijing,Beijing,330.1
52,53,Northeast Normal University,Jilin,327.2
53,54,Wuhan University of Technology,Hubei,326.1
54,55,Southwest Jiaotong University,Sichuan,325.1
55,56,China University of Mining and Technology - Xuzhou,Jiangsu,324.0
56,57,Beijing University of Posts and Telecommunications,Beijing,323.4
57,58,Nanjing Normal University,Jiangsu,322.7
58,59,China University of Geosciences (Wuhan),Hubei,322.5
59,60,Jiangnan University,Jiangsu,321.6
60,61,Hohai University,Jiangsu,320.9
61,62,Ocean University of China,Shandong,319.8
62,63,Beijing University of Technology,Beijing,314.2
63,64,Beijing University of Chemical Technology,Beijing,309.6
64,65,Northwest University,Shaanxi,306.8
65,66,China University of Petroleum (Huadong),Shandong,304.4
66,67,Shaanxi Normal University,Shaanxi,301.7
67,68,Shenzhen University,Guangdong,301.4
68,69,Nanchang University,Jiangxi,299.5
69,70,Zhejiang University of Technology,Zhejiang,298.8
70,71,China University of Geosciences (Beijing),Beijing,296.0
71,72,Southwest University,Chongqing,294.5
72,73,Fuzhou University,Fujian,290.6
73,74,Northwest A&F University,Shaanxi,288.1
74,75,North China Electric Power University,Beijing,287.6
75,76,China University of Mining and Technology - Beijing,Beijing,284.2
76,77,Donghua University,Shanghai,284.0
77,78,Jiangsu University,Jiangsu,283.4
78,79,South China Normal University,Guangdong,281.5
79,80,Yunnan University,Yunnan,281.3
80,81,Yangzhou University,Jiangsu,279.0
81,82,Beijing Forestry University,Beijing,278.8
82,83,Hefei University of Technology,Anhui,270.4
83,84,Ningbo University,Zhejiang,270.1
84,85,Nanjing Tech University,Jiangsu,268.5
85,86,Nanjing University of Posts and Telecommunications,Jiangsu,268.2
86,87,Hunan Normal University,Hunan,263.5
87,88,Chang'an University,Shaanxi,258.5
88,89,Capital Normal University,Beijing,256.7
89,90,Nanjing University of Information Science & Technology,Jiangsu,255.5
90,91,Hangzhou Dianzi University,Zhejiang,252.8
91,92,Xiangtan University,Hunan,252.4
92,93,South China Agricultural University,Guangdong,252.3
93,94,Yanshan University,Hebei,251.8
94,95,Fujian Normal University,Fujian,250.1
95,96,Guangxi University,Guangxi,249.0
96,97,Guangzhou University,Guangdong,248.8
97,98,Henan University,Henan,248.1
98,99,Dalian Maritime University,Liaoning,246.7
99,100,Zhejiang Normal University,Zhejiang,246.4
100,101,Guangdong University of Technology,Guangdong,246.1
101,102,University of Shanghai for Science and Technology,Shanghai,243.1
102,103,Shanxi University,Shanxi,241.3
103,104,Anhui University,Anhui,240.4
104,105,Shandong Normal University,Shandong,237.7
105,106,Hebei University of Technology,Hebei,236.8
106,107,Qingdao University,Shandong,236.6
107,107,Taiyuan University of Technology,Shanxi,236.6
108,109,Guizhou University,Guizhou,235.6
109,110,Nanjing Forestry University,Jiangsu,234.5
110,111,Shanghai Normal University,Shanghai,232.8
111,111,Wuhan University of Science and Technology,Hubei,232.8
112,113,Inner Mongolia University,Inner Mongolia,231.3
113,114,Zhejiang Sci-Tech University,Zhejiang,231.1
114,115,Northeast Forestry University - China,Heilongjiang,228.7
115,116,Fujian Agriculture and Forestry University,Fujian,227.5
116,117,Xi'an University of Technology,Shaanxi,227.3
117,118,Hainan University,Hainan,226.7
118,119,Jiangxi Normal University,Jiangxi,223.8
119,120,Northeast Agricultural University - China,Heilongjiang,221.1
120,121,Changsha University of Science and Technology,Hunan,221.0
121,122,Xi'an University of Architecture and Technology,Shaanxi,220.9
122,123,Hubei University,Hubei,220.7
123,124,Kunming University of Science and Technology,Yunnan,219.8
124,125,Jiangsu Normal University,Jiangsu,213.2
125,126,Shandong University of Science and Technology,Shandong,211.4
126,127,Liaoning University,Liaoning,209.4
127,128,Southwest Petroleum University,Sichuan,209.3
128,129,Hangzhou Normal University,Zhejiang,209.1
129,130,Hebei University,Hebei,208.7
130,131,Shaanxi University of Science and Technology,Shaanxi,208.6
131,132,Anhui Normal University,Anhui,208.4
132,133,Beijing University of Civil Engineering and Architecture,Beijing,207.9
133,134,Huaqiao University,Fujian,207.1
134,135,Shantou University,Guangdong,204.6
135,136,Xinjiang University,Xinjiang,204.3
136,137,Jiangsu University of Science and Technology,Jiangsu,202.4
137,138,Shihezi University,Xinjiang,201.7
138,139,China Jiliang University,Zhejiang,201.6
139,140,Henan Agricultural University,Henan,201.3
140,141,Chongqing University of Posts and Telecommunications,Chongqing,200.9
141,142,Hubei University of Technology,Hubei,199.9
142,142,Shenyang Agricultural University,Liaoning,199.9
143,142,Sichuan Agricultural University,Sichuan,199.9
144,145,Wuhan Institute of Technology,Hubei,199.6
145,146,Shandong Agricultural University,Shandong,198.4
146,147,Changchun University of Science and Technology,Jilin,198.3
147,148,Tianjin Normal University,Tianjin,198.0
148,149,Ningxia University,Ningxia,197.2
149,150,Heilongjiang University,Heilongjiang,196.9
150,150,Hunan Agricultural University,Hunan,196.9
151,152,Changzhou University,Jiangsu,195.6
152,153,Zhejiang A&F University,Zhejiang,195.2
153,154,Hebei Normal University,Hebei,195.0
154,155,Henan Normal University,Henan,194.5
155,156,Chengdu University of Technology,Sichuan,194.3
156,157,Tiangong University,Tianjin,193.5
157,158,Wenzhou University,Zhejiang,193.4
158,159,Qilu University of Technology,Shandong,193.2
159,160,Guangxi Normal University,Guangxi,191.5
160,161,Nantong University,Jiangsu,191.3
161,162,Anhui Agricultural University,Anhui,191.1
162,163,University of Jinan,Shandong,190.8
163,164,Jilin Agricultural University,Jilin,189.2
164,165,Wuhan Textile University,Hubei,188.9
165,166,Nanchang Hangkong University,Jiangxi,187.9
166,167,Henan University of Science and Technology,Henan,187.3
167,167,Shanghai Ocean University,Shanghai,187.3
168,169,Jiangxi University of Science and Technology,Jiangxi,186.0
169,170,Qufu Normal University,Shandong,185.8
170,171,Xi'an University of Science and Technology,Shaanxi,184.9
171,172,Jimei University,Fujian,184.4
172,173,China Three Gorges University,Hubei,184.3
173,174,North China University of Technology,Beijing,182.4
174,175,Anhui University of Technology,Anhui,182.0
175,176,Yanbian University,Jilin,181.4
176,177,Northwest Normal University China,Gansu,181.1
177,178,East China Jiaotong University,Jiangxi,179.8
178,179,Henan Polytechnic University,Henan,178.8
179,180,Shanghai Maritime University,Shanghai,177.6
180,181,Liaoning Normal University,Liaoning,177.5
181,182,Qingdao University of Science and Technology,Shandong,177.3
182,183,Hebei Agricultural University,Hebei,176.5
183,183,North University of China,Shanxi,176.5
184,185,Tianjin University of Science and Technology,Tianjin,176.3
185,186,Yangtze University,Hubei,175.3
186,186,Jiangxi Agricultural University,Jiangxi,175.3
187,188,Hunan University of Science and Technology,Hunan,175.2
188,189,Yunnan Normal University,Yunnan,175.1
189,190,East China University of Technology,Jiangxi,173.6
190,191,University of South China,Hunan,173.5
191,192,Xi'an University of Posts and Telecommunications,Shaanxi,172.3
192,192,Zhejiang Ocean University,Zhejiang,172.3
193,194,Chongqing Jiaotong University,Chongqing,171.8
194,194,Shenyang University of Technology,Liaoning,171.8
195,196,Sichuan Normal University,Sichuan,171.7
196,197,Inner Mongolia Agricultural University,Inner Mongolia,171.5
197,198,Tianjin University of Technology,Tianjin,171.2
198,199,Lanzhou University of Technology,Gansu,170.9
199,199,Shanghai University of Electric Power,Shanghai,170.9
200,201,Anhui University of Science and Technology,Anhui,170.1
201,202,University of International Relations,Beijing,169.9
202,203,Shenyang Aerospace University,Liaoning,168.8
203,204,Central South University of Forestry & Technology,Hunan,168.6
204,205,Qinghai University,Qinghai,168.1
205,206,Southwest University of Science and Technology,Sichuan,167.7
206,207,Beijing Information Science & Technology University,Beijing,167.6
207,208,Shandong University of Technology,Shandong,167.3
208,209,Henan University of Technology,Henan,166.4
209,210,Beijing Electronic Science and Technology Institute,Beijing,165.7
210,211,Suzhou University of Science and Technology,Jiangsu,165.2
211,212,Northeast Petroleum University,Heilongjiang,164.5
212,213,Shanghai University of Engineering Science,Shanghai,163.6
213,214,Harbin Normal University,Heilongjiang,163.5
214,214,Qingdao University of Technology,Shandong,163.5
215,214,Yantai University,Shandong,163.5
216,217,Foshan University,Guangdong,163.4
217,218,North China University of Water Resources and Electric Power,Henan,163.3
218,219,Qingdao Agricultural University,Shandong,162.8
219,219,Shanxi Agricultural University,Shanxi,162.8
220,221,Shijiazhuang Tiedao University,Hebei,162.5
221,222,Harbin University of Science and Technology,Heilongjiang,162.4
222,223,Gansu Agricultural University,Gansu,161.6
223,224,Jiaxing University,Zhejiang,160.9
224,225,Hainan Normal University,Hainan,160.7
225,226,Huzhou University,Zhejiang,160.2
226,227,Wuhan Polytechnic University,Hubei,159.8
227,228,Chongqing University of Technology,Chongqing,159.7
228,229,Lanzhou Jiaotong University,Gansu,159.4
229,229,Ludong University,Shandong,159.4
230,231,Guilin University of Electronic Technology,Guangxi,159.2
231,232,China West Normal University,Sichuan,159.1
232,233,Beijing University of Agriculture,Beijing,158.5
233,233,Tibet University,Tibet,158.5
234,235,Dalian Polytechnic University,Liaoning,158.0
235,236,Chongqing Normal University,Chongqing,157.3
236,237,Anhui jianzhu University,Anhui,157.1
237,238,Chengdu University,Sichuan,156.9
238,239,Liaocheng University,Shandong,156.2
239,240,Chengdu University of Information Technology,Sichuan,155.5
240,241,Hebei University of Science and Technology,Hebei,154.8
241,241,Shandong Jianzhu University,Shandong,154.8
242,243,Anhui Polytechnic University,Anhui,154.1
243,244,Dongguan University of Technology,Guangdong,153.7
244,245,Xi'an Shiyou University,Shaanxi,153.5
245,246,Nanjing Institute of Technology,Jiangsu,153.2
246,247,Shenyang Jianzhu University,Liaoning,153.1
247,248,GanNan Normal University,Jiangxi,152.2
248,249,Xi'an Technological University,Shaanxi,151.9
249,249,Zhengzhou University of Light Industry,Henan,151.9
250,251,Shanxi Normal University,Shanxi,151.8
251,252,Beijing Institute of Graphic Communication,Beijing,151.5
252,253,Inner Mongolia Normal University,Inner Mongolia,151.2
253,254,Qinghai Normal University,Qinghai,150.5
254,255,Shenyang Normal University,Liaoning,150.4
255,256,Shenyang University of Chemical Technology,Liaoning,150.0
256,257,Dalian University,Liaoning,149.7
257,258,NingboTech University,Zhejiang,149.2
258,259,Shanghai Institute of Technology,Shanghai,148.6
259,260,Hefei University,Anhui,147.4
260,261,Xiamen University of Technology,Fujian,147.3
261,262,Liaoning shihua University,Liaoning,147.1
262,263,Guilin University of Technology,Guangxi,147.0
263,264,Hunan University of Technology,Hunan,146.2
264,265,Northeast Electric Power University,Jilin,145.3
265,266,Guizhou Normal University,Guizhou,145.1
266,267,Liaoning University of Technology,Liaoning,144.8
267,268,Civil Aviation University of China,Tianjin,144.7
268,269,Xinyang Normal University,Henan,143.7
269,270,Jilin Normal University,Jilin,143.4
270,271,Jianghan University,Hubei,142.7
271,272,Zhongyuan University of Technology,Henan,142.4
272,273,Linyi University,Shandong,142.3
273,274,Shaoxing University,Zhejiang,141.7
274,275,Yan'an University,Shaanxi,141.6
275,276,Beijing Union University,Beijing,140.6
276,276,Yancheng Institute of Technology,Jiangsu,140.6
277,278,Beijing Institute of Petrochemical Technology,Beijing,140.5
278,279,Liaoning Technical University,Liaoning,140.4
279,280,Zhejiang University City College,Zhejiang,140.0
280,281,North China University of Science and Technology,Hebei,139.8
281,282,Xi'an Polytechnic University,Shaanxi,139.5
282,283,Changchun University of Technology,Jilin,139.0
283,284,Jinggangshan University,Jiangxi,138.9
284,285,Xihua University,Sichuan,138.8
285,286,Shanghai Customs College,Shanghai,138.7
286,287,Hebei University of Engineering,Hebei,138.2
287,287,Heilongjiang Bayi Agricultural University,Heilongjiang,138.2
288,289,Bohai University,Liaoning,138.0
289,290,Dalian Jiaotong University,Liaoning,137.9
290,291,Anqing Normal University,Anhui,137.7
291,292,Jingdezhen Ceramic Institute,Jiangxi,137.5
292,293,Huaiyin Institute of Technology,Jiangsu,137.3
293,294,Jishou University,Hunan,137.1
294,295,Hunan Institute of Science and Technology,Hunan,136.7
295,296,Zhejiang University of Science and Technology,Zhejiang,136.3
296,297,Taiyuan University of Science and Technology,Shanxi,136.0
297,298,Chongqing University of Science and Technology,Chongqing,135.8
298,299,Shenyang Ligong University,Liaoning,135.7
299,300,Guangxi Teachers Education University,Guangxi,135.5
300,301,Huaibei Normal University,Anhui,135.4
301,301,Minnan Normal University,Fujian,135.4
302,303,Ningbo University of Technology,Zhejiang,135.2
303,304,Inner Mongolia University of Technology,Inner Mongolia,134.8
304,305,Xinjiang Normal University,Xinjiang,134.6
305,306,Xinjiang Agricultural University,Xinjiang,134.0
306,307,Jinling Institute of Technology,Jiangsu,133.9
307,308,Nanchang Institute of Technology,Jiangxi,133.8
308,309,Changshu Institute of Technology,Jiangsu,133.6
309,310,Huaiyin Normal University,Jiangsu,133.4
310,311,Yangtze Normal University,Chongqing,133.0
311,312,Beihua University,Jilin,132.9
312,313,Guangdong Ocean University,Guangdong,132.5
313,314,Guangdong Polytechnic Normal University,Guangdong,132.3
314,314,Jiangxi Science and Technology Normal University,Jiangxi,132.3
315,316,Taizhou University,Zhejiang,132.0
316,317,Dalian Ocean University,Liaoning,131.9
317,318,University of Science and Technology Liaoning,Liaoning,131.7
318,319,Luoyang Normal University,Henan,131.6
319,320,Hubei Normal University,Hubei,131.3
320,321,Shanghai Dianji University,Shanghai,130.3
321,322,Changzhou Institute of Technology,Jiangsu,130.1
322,323,Yancheng Teachers University,Jiangsu,129.8
323,324,Hubei University of Education,Hubei,129.6
324,325,Changchun Normal University,Jilin,129.3
325,326,Huaihai Institute of Technology,Jiangsu,129.2
326,326,Yunnan Agricultural University,Yunnan,129.2
327,328,Changsha University,Hunan,129.1
328,328,Dali University,Yunnan,129.1
329,328,Sichuan University of Science and Engineering,Sichuan,129.1
330,331,Minjiang University,Fujian,129.0
331,332,Jiangsu University of Technology,Jiangsu,128.4
332,332,Jilin Jianzhu University,Jilin,128.4
333,334,Fujian University of Technology,Fujian,128.2
334,335,Inner Mongolia University of Science & Technology,Inner Mongolia,128.0
335,336,Guizhou Normal College,Guizhou,127.8
336,337,Tarim University,Xinjiang,127.7
337,338,Huanggang Normal University,Hubei,126.4
338,339,Chongqing University of Arts and Science,Chongqing,125.8
339,340,Shenyang University,Liaoning,125.7
340,341,Tongren University,Guizhou,125.6
341,342,Henan Institute of Science and Technology,Henan,125.3
342,343,Wuyi University,Guangdong,124.9
343,344,Hunan First Normal University,Hunan,124.4
344,344,Mianyang Teachers' College,Sichuan,124.4
345,346,Shanghai Second Polytechnic University,Shanghai,123.8
346,347,Binzhou University,Shandong,123.7
347,347,Hubei University of Arts and Science,Hubei,123.7
348,349,Anhui Science and Technology University,Anhui,123.6
349,350,Zhejiang Wanli University,Zhejiang,123.5
350,351,Southwest Forestry University,Yunnan,123.1
351,352,Tianjin Agricultural University,Tianjin,122.3
352,353,Quzhou University,Zhejiang,122.2
353,354,Tianjin Chengjian University,Tianjin,122.0
354,355,Changchun University,Jilin,121.9
355,356,Hefei Normal University,Anhui,121.6
356,356,Quanzhou Normal University,Fujian,121.6
357,358,Shandong Jiaotong University,Shandong,121.3
358,359,"Nanjing University of Information Science and Technology, Binjiang College",Jiangsu,120.8
359,360,Hengyang Normal University,Hunan,120.7
360,360,TianJin University of Technology and Education,Tianjin,120.7
361,362,Hubei University of Science and Technology,Hubei,120.3
362,362,Panzhihua University,Sichuan,120.3
363,362,Yichun University,Jiangxi,120.3
364,365,Zhongkai University of Agriculture and Engineering,Guangdong,120.0
365,366,Fuyang Normal University,Anhui,119.8
366,366,Nanjing XiaoZhuang University,Jiangsu,119.8
367,368,Jiangsu Second Normal University,Jiangsu,119.5
368,368,LingNan Normal University,Guangdong,119.5
369,370,Tibet Agriculture and Animal Husbandry University,Tibet,119.4
370,371,Huizhou University,Guangdong,119.2
371,372,Hunan University of Arts and Science,Hunan,118.7
372,373,Neijiang Normal University,Sichuan,118.4
373,374,Heilongjiang Institute of Technology,Heilongjiang,118.0
374,374,Nanyang Institute of Technology,Henan,118.0
375,376,Lishui University,Zhejiang,117.7
376,376,Qiqihar University,Heilongjiang,117.7
377,376,Zhejiang University of Water Resources and Electric Power,Zhejiang,117.7
378,379,Anyang Normal University,Henan,117.3
379,379,Huanghuai University,Henan,117.3
380,381,Nanyang Normal University,Henan,117.2
381,382,Shangrao Normal University,Jiangxi,117.0
382,383,Dezhou University,Shandong,116.9
383,384,Yulin Normal University,Guangxi,116.8
384,385,Shaanxi University of Technology,Shaanxi,116.5
385,385,Xi'an University,Shaanxi,116.5
386,385,Xuzhou Institute of Technology,Jiangsu,116.5
387,388,Zhoukou Normal University,Henan,116.2
388,389,Taishan University,Shandong,116.1
389,390,Xinyang Agriculture and Forestry University,Henan,115.7
390,391,Sanming University,Fujian,115.2
391,392,Zaozhuang University,Shandong,114.9
392,393,Chongqing Three Gorges University,Chongqing,114.5
393,394,Hubei University of Automotive Technology,Hubei,114.4
394,395,Chengdu Normal University,Sichuan,114.3
395,395,Guangxi University of Science and Technology,Guangxi,114.3
396,397,Guangdong University of Petrochemical Technology,Guangdong,114.2
397,398,Chuzhou University,Anhui,113.7
398,399,Guangdong University of Education,Guangdong,113.6
399,400,Weifang University,Shandong,113.5
400,401,Institute of Disaster Prevention,Hebei,113.3
401,402,Hubei Engineering University,Hubei,113.1
402,403,Hubei Polytechnic University,Hubei,113.0
403,404,Hunan University of Science and Engineering,Hunan,112.8
404,405,Huaihua University,Hunan,112.6
405,406,Hunan City University,Hunan,112.3
406,406,Suqian College,Jiangsu,112.3
407,408,Xiangnan University,Hunan,112.1
408,409,Guizhou Institute of Technology,Guizhou,111.9
409,409,Nanchang Normal University,Jiangxi,111.9
410,411,North China Institute of Aerospace Engineering,Hebei,111.5
411,412,Changchun Institute of Technology,Jilin,111.3
412,412,Leshan Normal University,Sichuan,111.3
413,414,Heilongjiang University of Science and Technology,Heilongjiang,111.1
414,414,Hunan Institute of Engineering,Hunan,111.1
415,416,Jiamusi University,Heilongjiang,111.0
416,417,Civil Aviation Flight University of China,Sichuan,110.8
417,418,Longyan University,Fujian,110.7
418,418,Shangqiu Normal University,Henan,110.7
419,420,Putian University,Fujian,110.6
420,420,Xichang College,Sichuan,110.6
421,422,Qujing Normal University,Yunnan,110.1
422,423,Chongqing University of Education,Chongqing,110.0
423,424,Zunyi Normal University,Guizhou,109.7
424,425,Shanxi Datong University,Shanxi,109.5
425,426,Henan University of Urban Construction,Henan,109.1
426,427,Chengdu Technological University,Sichuan,108.9
427,427,Qilu Normal University,Shandong,108.9
428,429,Tonghua Normal University,Jilin,108.8
429,430,Pingdingshan University,Henan,108.7
430,430,YingKou Institute of Technology,Liaoning,108.7
431,432,Zhixing College of Northwest Normal University,Gansu,108.6
432,433,Jiujiang University,Jiangxi,108.4
433,434,Hainan Tropical Ocean University,Hainan,108.3
434,435,Yibin University,Sichuan,108.1
435,436,"Hunan University of Humanities, Science and Technology",Hunan,107.5
436,437,HeXi University,Gansu,107.3
437,437,Shaoyang University,Hunan,107.3
438,437,Tianshui Normal University,Gansu,107.3
439,440,Hanshan Normal University,Guangdong,107.2
440,440,Ningxia Normal University,Ningxia,107.2
441,442,Jilin Engineering Normal University,Jilin,107.1
442,443,Bozhou University,Anhui,106.9
443,443,Henan University of Animal Husbandry and Economy,Henan,106.9
444,445,Shandong Youth University of Political Science,Shandong,106.8
445,446,Taiyuan Normal University,Shanxi,106.7
446,447,Fujian Polytechnic Normal University,Fujian,106.1
447,448,Yulin University,Shaanxi,105.9
448,449,Baoji University of Arts and Sciences,Shaanxi,105.8
449,449,Hebei Normal University of Science and Technology,Hebei,105.8
450,449,West AnHui University,Anhui,105.8
451,452,Guiyang University,Guizhou,105.7
452,452,Henan University of Engineering,Henan,105.7
453,452,Shandong Management University,Shandong,105.7
454,455,Xinxiang University,Henan,105.6
455,456,Beibu Gulf University,Guangxi,105.5
456,457,Xi'an Aeronautical University,Shaanxi,105.3
457,458,Weinan Normal University,Shaanxi,105.2
458,459,Eastern Liaoning University,Liaoning,104.8
459,459,Mudanjiang Normal University,Heilongjiang,104.8
460,461,Anyang Institute of Technology,Henan,104.7
461,461,Tangshan Normal University,Hebei,104.7
462,463,Huainan Normal University,Anhui,104.4
463,464,Harbin University,Heilongjiang,104.1
464,465,Qiushi College of Guizhou Normal University Institute,Guizhou,103.8
465,465,Zhaoqing University,Guangdong,103.8
466,467,Taizhou University,Jiangsu,103.7
467,468,Suzhou University,Anhui,103.6
468,468,Yuxi Normal University,Yunnan,103.6
469,470,Shandong Women's University,Shandong,103.1
470,471,Jiaying University,Guangdong,103.0
471,471,Xianyang Normal University,Shaanxi,103.0
472,473,Shijiazhuang University,Hebei,102.9
473,474,Sichuan Tourism University,Sichuan,102.8
474,475,Long Dong University,Gansu,102.7
475,476,Xuchang University,Henan,102.6
476,477,Huzhou University Qiuzhen College,Zhejiang,102.2
477,478,Anshan Normal University Liaoning China,Liaoning,101.9
478,478,Jilin Institute of Chemical Technology,Jilin,101.9
479,478,Tianjin Sino-German University of Applied Sciences,Tianjin,101.9
480,481,Changzhi University,Shanxi,101.8
481,481,Liaoning Institute of Science and Technology,Liaoning,101.8
482,481,Shandong Agriculture and Engineering University,Shandong,101.8
483,484,Luoyang Institute of Science and Technology,Henan,101.7
484,484,Pingxiang University,Jiangxi,101.7
485,486,Kaili University,Guizhou,101.4
486,486,Shaoguan University,Guangdong,101.4
487,486,Wenzhou University Oujiang College,Zhejiang,101.4
488,489,Hunan Institute of Technology,Hunan,101.1
489,490,Wenzheng College of Soochow University,Jiangsu,100.9
490,491,Ningde Normal University,Fujian,100.7
491,492,Qiannan Normal College for Nationalities,Guizhou,100.6
492,493,Huangshan University,Anhui,100.2
493,494,North China Electric Power University Science and Technology College,Hebei,100.0
494,495,Yili Normal University,Xinjiang,99.9
495,496,Jining University,Shandong,99.8
496,497,Kunming University,Yunnan,99.5
497,498,Bengbu University,Anhui,99.4
498,499,Chifeng University,Inner Mongolia,98.9
499,499,Lanzhou City University,Gansu,98.9
500,501,Chaohu University,Anhui,98.7
501,502,Chizhou University,Anhui,98.3
502,502,Shangluo University,Shaanxi,98.3
503,504,Taiyuan Institute of Technology,Shanxi,98.2
504,505,Honghe University,Yunnan,98.1
505,506,Jingdezhen University,Jiangxi,97.9
506,507,Guangzhou Maritime University,Guangdong,97.6
507,508,Kashi University,Xinjiang,97.5
508,508,Sichuan University of Arts and Science,Sichuan,97.5
509,510,Jilin Agricultural Science and Technology University,Jilin,97.4
510,511,Zhengzhou Normal University,Henan,96.5
511,512,Heze University,Shandong,96.4
512,513,Anshun University,Guizhou,96.2
513,514,Hebei University of Architecture,Hebei,96.1
514,514,Wuyi University,Fujian,96.1
515,516,Hulunbuir University,Inner Mongolia,95.9
516,517,Nanjing Normal University of Special Education,Jiangsu,95.7
517,518,Xinyu University,Jiangxi,95.6
518,519,Baicheng Normal University,Jilin,95.5
519,520,Aba Teachers University,Sichuan,95.2
520,521,Shaanxi Xueqian Normal University,Shaanxi,95.0
521,522,Daqing Normal University,Heilongjiang,94.9
522,523,Jingchu University of Technology,Hubei,94.7
523,524,Zhengzhou Institute of Technology,Henan,94.5
524,525,Chuxiong Normal University,Yunnan,94.2
525,526,Liupanshui Normal University,Guizhou,94.1
526,527,Wuzhou University,Guangxi,93.4
527,528,Hezhou University,Guangxi,93.1
528,529,Guilin University of Aerospace Technology,Guangxi,92.7
529,530,Changsha Normal University,Hunan,92.5
530,531,Yuzhang Normal University,Jiangxi,92.4
531,532,Ankang University,Shaanxi,92.3
532,533,Henan Institute of Technology,Henan,91.7
533,533,Tangshan College,Hebei,91.7
534,535,Hebei University of Environmental Engineering,Hebei,91.4
535,536,Yuncheng University,Shanxi,91.3
536,537,Baoding University,Hebei,91.2
537,538,Baoshan University,Yunnan,90.9
538,539,North China Institute of Science and Technology,Hebei,90.6
539,540,Lanzhou University of Arts and Science,Gansu,90.4
540,541,"College of Applied Science, Jiangxi University of Science and Technology",Jiangxi,90.3
541,542,Lanzhou Institute of Technology,Gansu,90.2
542,542,Xingyi Normal University for Nationalities,Guizhou,90.2
543,542,Xinzhou Teachers University,Shanxi,90.2
544,545,"Shengli College, China University of Petroleum",Shandong,90.0
545,546,Cangzhou Normal University,Hebei,89.5
546,547,Qiongtai Normal University,Hainan,89.4
547,547,Xingtai University,Hebei,89.4
548,549,Sichuan University for Nationalities,Sichuan,88.4
549,550,Handan College,Hebei,88.0
550,551,Guizhou University of Engineering Science,Guizhou,87.9
551,552,Heihe University,Heilongjiang,87.8
552,553,Baise University,Guangxi,87.5
553,554,Hengshui University,Hebei,86.9
554,555,Guangxi Normal University for Nationalities,Guangxi,86.5
555,555,Suihua University,Heilongjiang,86.5
556,557,Puer University,Yunnan,86.3
557,558,Hanjiang Normal University,Hubei,85.7
558,559,Hebei Normal University for Nationalities,Hebei,85.4
559,559,Jinzhong University,Shanxi,85.4
560,559,Wenshan University,Yunnan,85.4
561,562,Xinjiang Institute of Engineering,Xinjiang,85.2
562,563,Ordos Institute of Technology,Inner Mongolia,85.0
563,564,"East China Institute of Technology, Yangtze River College",Jiangxi,84.2
564,564,Luliang University,Shanxi,84.2
565,566,Jining Normal University,Inner Mongolia,83.5
566,567,Taiyuan University,Shanxi,83.4
567,568,Guangxi Science and Technology Normal University,Guangxi,83.2
568,569,Shanxi Institute of Technology,Shanxi,82.9
569,569,Zhangjiakou University,Hebei,82.9
570,571,Hechi University,Guangxi,82.4
571,572,Hetao University,Inner Mongolia,82.3
572,573,West Yunnan University,Yunnan,82.2
573,574,Heilongjiang University of Technology,Heilongjiang,80.9
574,575,Langfang Teachers University,Hebei,80.3
575,576,Hebei University of Water Resources and Electric Engineering,Hebei,79.6
576,577,Gansu Normal University for Nationalities,Gansu,79.5
577,578,Shanxi Institute of Energy,Shanxi,78.3
578,579,Zhaotong University,Yunnan,78.1
579,580,Xinjiang Institute of Technology,Xinjiang,77.7
580,581,Changji University,Xinjiang,77.0
581,582,West Yunnan University of Applied Sciences,Yunnan,74.8
582,583,Shenyang Institute of Engineering,Liaoning,74.7
583,584,Polytechnic College of Hebei University of Science and Technology,Hebei,74.0
584,585,Baotou Teachers' College,Inner Mongolia,71.5
585,586,Hebei University of Technology City College,Hebei,63.8
586,587,Shanxi Vocational University of Engineering Science and Technology,Shanxi,62.1
587,588,Shanxi Institute of Science and Technology,Shanxi,55.6
588,589,Guangxi Vocational University of Agriculture,Guangxi,51.1
589,590,Xinjiang University of Political Science and Law,Xinjiang,43.5
